PUSHED?,WHO?,p-num,subsequence,18,54,90,126,162,Notes,time,Remarks,FA_status,final annotation test status
,Ariel,1,bg-01,HQ,HQ,HQ,HQ,HQ,end-aligned,,,ok,last status of feed happen diff frames
,Ariel,1,bg-02,HQ,HQ,HQ,HQ,HQ,end-aligned,,,ok,
,Ariel,1,cl-01,HQ,HQ,D,HQ,HQ,manually aligned,,,ok,don't finish is last on frame. annotated accordingly
,Ariel,1,cl-02,HQ,HQ,HQ,HQ,HQ,end-aligned,"5,9",,ok,
,Ariel,1,nm-01,D,D,HQ,HQ,HQ,manually aligned,"11,28",,ok,
,Ariel,1,nm-02,HQ,HQ,HQ,HQ,HQ,end-aligned,"6,26",,ok,last status of feed happen diff frames
,Ariel,2,bg-01,HQ,HQ,HQ,HQ,HQ,end-aligned,"5,53",,ok,not mergerd
,Ariel,2,bg-02,D,D,D,D,D,manually aligned,"32,38",,ok,"failed to run multicheck, manual verification of ods"
,Ariel,2,cl-01,HQ,HQ,HQ,HQ,HQ,end-aligned,"35,63",,ok,last status of feed happen diff frames
,Ariel,2,cl-02,HQ,HQ,HQ,HQ,HQ,end-aligned,"6,26",,ok,
,Ariel,2,nm-01,D,D,D,D,D,manually aligned,"10,38",,ok,"double air,corrected"
,Ariel,2,nm-02,D,D,D,D,D,manually aligned,87,,ok,
,Ariel,3,cl-02,D,D,D,D,D,manually aligned,"11,61",,ok,not merged
,Ariel,3,nm-01,HQ,HQ,HQ,HQ,HQ,end-aligned,"8,82",,ok,not merged
,Ariel,3,nm-02,HQ,HQ,HQ,HQ,HQ,end-aligned,"10,42",,ok,
,Ariel,4,bg-01,HQ,HQ,HQ,HQ,HQ,end-aligned,"6,85",,ok,
,Ariel,4,bg-02,HQ,HQ,HQ,HQ,HQ,end-aligned,"5,96",,ok,
,Ariel,4,cl-01,D,D,HQ,HQ,D,manually aligned,"10,89",,ok,"double air, corrected"
,Ariel,4,cl-02,HQ,D,HQ,D,D,manually aligned,"20,29",last frames for 126 an 162 are lost and sequence is not acurate ,ok,run multicheck don't work. manually check it is fine
,Ariel,4,nm-01,D,D,D,D,D,manually aligned,"20,36",,ok,
,Ariel,4,nm-02,D,D,D,D,D,manually aligned,"8,94",,ok,
,Ariel,5,bg-01,D,D,HQ,HQ,D,manually aligned,"20,84",,ok,
,Ariel,5,bg-02,HQ,HQ,HQ,HQ,HQ,end-aligned,"32,02",,warn,last on air 91 on frame shift
,Ariel,5,cl-01,HQ,D,HQ,HQ,HQ,manually aligned,"6,26",,ok,
,Ariel,5,cl-02,D,D,HQ,HQ,HQ,manually aligned,"10,12",,ok,
,Ariel,5,nm-01,HQ,HQ,HQ,HQ,HQ,end-aligned,"7,43",,ok,
,Ariel,5,nm-02,HQ,HQ,HQ,HQ,HQ,end-aligned,"5,1",,ok,
,Ariel,6,bg-01,HQ,HQ,HQ,HQ,HQ,manually aligned,"6,49",,ok,
,Ariel,6,bg-02,D,HQ,HQ,HQ,HQ,manually aligned,"4,37",,ok,not merged
,Ariel,6,cl-01,D,HQ,HQ,D,D,manually aligned,"6,15",,ok,
,Ariel,6,cl-02,D,HQ,HQ,D,D,manually aligned,"8,97",,ok,
,Ariel,6,nm-01,D,D,D,D,D,manually aligned,"7,09",,ok,
,Ariel,6,nm-02,D,D,D,D,D,manually aligned,"6,23",,ok,
,Ariel,7,bg-01,D,D,D,D,D,manually aligned,"27,08",,ok,
,Ariel,7,bg-02,D,D,D,D,D,dropped,5,dropped in qa. missing frames in the end,,
,Ariel,7,cl-01,D,D,D,D,D,manually aligned,5,,ok,
,Ariel,7,cl-02,D,D,D,D,D,manually aligned,13,,ok,
,Ariel,7,nm-01,D,D,D,D,D,manually aligned,"17,06",,ok,
,Ariel,7,nm-02,D,D,D,D,D,manually aligned,15,,ok,
,Ariel,8,bg-01,D,D,D,D,D,manually aligned,"15,7",,ok,
,Ariel,8,bg-02,D,D,D,D,D,manually aligned,"15,16",,ok,
,Ariel,8,cl-01,HQ,HQ,HQ,HQ,HQ,end-aligned,"8,16",,ok,
,Ariel,8,cl-02,D,D,HQ,HQ,D,manually aligned,"14,9",,ok,
,Ariel,8,nm-01,D,D,D,D,D,manually aligned,"27,54",,ok,
,Ariel,8,nm-02,HQ,HQ,HQ,HQ,HQ,end-aligned,,,ok,
,Ariel,9,bg-01,HQ,HQ,HQ,HQ,HQ,end-aligned,"3,54",,ok,
,Ariel,9,bg-02,HQ,HQ,HQ,HQ,D,manually aligned,"7,84",,ok,double air. corrected
,Ariel,9,cl-01,HQ,HQ,HQ,HQ,HQ,end-aligned,"5,96",,ok,
,Ariel,9,cl-02,HQ,HQ,HQ,HQ,HQ,end-aligned,"5,57",,ok,
,Ariel,9,nm-01,HQ,D,HQ,D,HQ,manually aligned,"5,63",,ok,
,Ariel,9,nm-02,D,D,D,D ,D,manually aligned,"19,89",,ok,
,Ariel,10,bg-01,HQ,D,HQ,D,HQ,manually aligned,,time could be measured,ok,
,Ariel,10,bg-02,D,D,HQ,HQ,HQ,manually aligned,"7,15",last frames on the ground needed adjutment,ok,
,Ariel,10,cl-01,HQ,HQ,HQ,HQ,HQ,end-aligned,"11,73",one fix has to be done to the 54 sequence ,ok,"double air, corrected"
,Ariel,10,cl-02,HQ,HQ,HQ,HQ,HQ,end-aligned,"5,53",,ok,
,Ariel,10,nm-01,HQ,HQ,HQ,HQ,HQ,end-aligned,"7,12",,ok,
,Ariel,10,nm-02,HQ,HQ,HQ,HQ,D,manually aligned,"7,34",one fix for angle 162,ok,
,,,,,,,,,,,,,
,,,,,,,,,,,,,
,,,,,,,,,,,,,
,,,,,,,,,,,,,
,,,,,,,,,,,,,
,,,,,,,,,,,,,
,,,,,,,,,,,,,
,,,,,,,,,,,,,
,,,,,,,,,,,,,
,,,,,,,,,,,,,
,,,,,,,,,,,,,
,,,,,,,,,,,,,
,,,,,,,,,,,,,
,,,,,,,,,,,,,
,,,,,,,,,,,,,
,,,,,,,,,,,,,
,,,,,,,,,,,,,
,,,,,,,,,,,,,
,,,,,,,,,,,,,
,,,,,,,,,,,,,
,,,,,,,,,,,,,
,,,,,,,,,,,,,
,,,,,,,,,,,,,
,,,,,,,,,,,,,
,,,,,,,,,,,,,
,,,,,,,,,,,,,
,,,,,,,,,,,,,
,,,,,,,,,,,,,
,,,,,,,,,,,,,
,,,,,,,,,,,,,
,,,,,,,,,,,,,
,,,,,,,,,,,,,
,,,,,,,,,,,,,
,,,,,,,,,,,,,
,,,,,,,,,,,,,
,,,,,,,,,,,,,
,,,,,,,,,,,,,
,,,,,,,,,,,,,
,,,,,,,,,,,,,
,,,,,,,,,,,,,
,,,,,,,,,,,,,
,,,,,,,,,,,,,
,,,,,,,,,,,,,
,,,,,,,,,,,,,
,Ron,19,bg-01,HQ,HQ,HQ,D,HQ,dropped,,,,
,Ron,19,bg-02,HQ,HQ,HQ,D,HQ,dropped,,,,
,Ron,19,cl-01,HQ,HQ,HQ,HQ,HQ,manually aligned,,,error,double air
,Ron,19,cl-02,HQ,D,HQ,HQ,D,dropped,,,,
,Ron,19,nm-01,D,D,HQ,HQ,HQ,dropped,,,,
,Ron,19,nm-02,D,HQ,HQ,HQ,D,dropped,,,,
,Ron,19,nm-03,HQ,D,HQ,HQ,HQ,dropped,,,,
,Sandro,20,bg-01,HQ,HQ,HQ,HQ,HQ,end-aligned,,,ok,
,Sandro,20,bg-02,HQ,HQ,HQ,HQ,HQ,end-aligned,,,ok,
,Sandro,20,cl-01,D,D,HQ,HQ,HQ,dropped,,,,
,Sandro,20,cl-02,HQ,HQ,HQ,HQ,HQ,end-aligned,,,error,double air
,Sandro,20,nm-01,HQ,D,HQ,HQ,HQ,dropped,,,,
,Sandro,20,nm-02,HQ,D,HQ,HQ,HQ,dropped,,,,
,Sandro,20,nm-03,HQ,HQ,HQ,HQ,HQ,manually aligned,,,,
,Sandro,21,bg-01,HQ,HQ,HQ,HQ,HQ,end-aligned,,,,
,Sandro,21,bg-02,HQ,HQ,HQ,HQ,HQ,manually aligned,,,,
,Sandro,21,cl-01,HQ,HQ,HQ,HQ,HQ,manually aligned,,,,
,Sandro,21,cl-02,HQ,HQ,HQ,HQ,HQ,manually aligned,,,,
,Sandro,21,nm-01,HQ,HQ,HQ,HQ,HQ,manually aligned,,,,
,Sandro,21,nm-02,HQ,HQ,HQ,HQ,HQ,manually aligned,,,,
,Sandro,21,nm-03,HQ,D,HQ,HQ,HQ,dropped,,,,
,Sandro,22,bg-01,HQ,HQ,D,HQ,HQ,dropped,,,,
,Sandro,22,bg-02,HQ,HQ,HQ,HQ,HQ,manually aligned,,,,
,Sandro,22,cl-01,HQ,HQ,HQ,HQ,HQ,end-aligned,,,,
,Sandro,22,cl-02,HQ,HQ,HQ,HQ,HQ,manually aligned,,,,
,Sandro,22,nm-01,HQ,HQ,HQ,HQ,HQ,manually aligned,,,,
,Sandro,22,nm-02,D,D,D,D,D,dropped,,,,
,Sandro,23,bg-01,HQ,HQ,HQ,HQ,HQ,manually aligned,,,,
,Sandro,23,bg-02,HQ,HQ,HQ,HQ,HQ,manually aligned,,,,
,Sandro,23,cl-01,D,D,D,D,D,dropped,,,,
,Sandro,23,cl-02,D,D,D,D,D,dropped,,,,
,Sandro,23,nm-01,HQ,HQ,HQ,HQ,HQ,manually aligned,,,,
,Sandro,23,nm-01,HQ,HQ,HQ,HQ,HQ,manually aligned,,,,
,Sandro,24,bg-01,HQ,HQ,HQ,HQ,HQ,manually aligned,,,,
,Sandro,24,bg-02,D,D,D,D,D,dropped,,,,
,Sandro,24,cl-01,HQ,HQ,HQ,HQ,HQ,manually aligned,,,,
,Sandro,24,cl-02,D,D,D,D,D,dropped,,,,
,Sandro,24,nm-01,HQ,HQ,HQ,HQ,HQ,manually aligned,,,,
,Sandro,24,nm-02,HQ,HQ,HQ,HQ,HQ,manually aligned,,,,
,Sandro,25,bg-01,D,D,D,D,D,dropped,,,,
,Sandro,25,bg-02,HQ,HQ,HQ,HQ,HQ,manually aligned,,,,
,Sandro,25,nm-01,HQ,HQ,HQ,HQ,HQ,manually aligned,,,,
,Sandro,25,nm-02,HQ,HQ,HQ,HQ,HQ,end-aligned,,,,
,Sandro,25,cl-01,D,D,D,D,D,dropped,,,,
,Sandro,25,cl-02,D,HQ,HQ,HQ,HQ,dropped,,,,
,Sandro,26,bg-01,D,D,D,D,D,dropped,,,,
,Sandro,26,bg-02,HQ,HQ,HQ,HQ,HQ,manually aligned,,,,
,Sandro,26,cl-01,HQ,HQ,HQ,HQ,HQ,manually aligned,,,,
,Sandro,26,cl-02,D,D,D,D,D,dropped,,,,
,Sandro,26,nm-01,D,D,D,D,D,dropped,,,,
,Sandro,26,nm-02,HQ,HQ,HQ,HQ,HQ,manually aligned,,,,
,Sandro,27,bg-01,HQ,HQ,HQ,HQ,HQ,manually aligned,,,,
,Sandro,27,bg-02,D,D,D,D,D,end-aligned,,,,
,Sandro,27,cl-01,D,D,D,D,D,manually aligned,,,,
,Sandro,27,cl-02,D,D,D,D,D,manually aligned,,,,
,Sandro,28,nm-01,D,D,D,D,D,manually aligned,,,,
,Sandro,28,nm-02,D,D,D,D,D,manually aligned,,,,
,,,,,,,,,,,,,
,,,,,,,,,,,,,
,,,,,,,,,,,,,
,Ron,31,bg-01,HQ,HQ,HQ,HQ,HQ,manually aligned,,,,
,Ron,31,bg-02,HQ,HQ,HQ,D,HQ,dropped,,,,
,,31,cl-01,HQ,HQ,HQ,D,D,dropped,,,,
,,31,cl-02,HQ,HQ,HQ,HQ,D,dropped,,,,
,,31,nm-01,HQ,D,HQ,HQ,D,dropped,,,,
,,31,nm-02,HQ,D,HQ,HQ,HQ,dropped,,,,
,,31,nm-03,D,D,D,D,D,dropped,,,,
,,32,bg-01,HQ,HQ,HQ,D,HQ,dropped,,p032 is of very poor quality,,
,,32,bg-02,HQ,HQ,HQ,HQ,HQ,manually aligned,,,,
,,32,cl-01,HQ,HQ,HQ,HQ,D,dropped,,,,
,,32,cl-02,HQ,HQ,HQ,D,D,dropped,,,,
,,32,nm-01,D,D,D,D,D,,,,,
,,32,nm-02,D,D,D,D,D,,,,,
,,32,nm-03,D,D,D,D,D,,,,,
,,33,bg-01,D,D,D,D,D,dropped,,,,
,,33,bg-02,HQ,HQ,HQ,D,HQ,dropped,,,,
,,,,,,,,,,,,,
,,,,,,,,,,,,,
,,,,,,,,,,,,,
,,,,,,,,,,,,,
,,,,,,,,,,,,,
,,,,,,,,,,,,,
,,34,bg-01,HQ,HQ,HQ,HQ,HQ,end-aligned,,,,
,,,,,,,,,,,,,
,,,,,,,,,,,,,
,,,,,,,,,,,,,
,,,,,,,,,,,,,
,,,,,,,,,,,,,
,,,,,,,,,,,,,
,,,,,,,,,,,,,
,,,,,,,,,,,,,
,,35,bg-01,HQ,HQ,HQ,D,D,dropped,,"totally corrupted, maybe frames missing",,
,,,,,,,,,,,,,
,,,,,,,,,,,,,
,,,,,,,,,,,,,
,,36,bg-01,HQ,HQ,HQ,D,D,dropped,,"totally corrupted, frames missing, same issue as in p035",,
,,,,,,,,,,,,,
,,,,,,,,,,,,,
,,,,,,,,,,,,,
,,,,,,,,,,,,,
,,37,cl-01,HQ,HQ,HQ,HQ,HQ,manually aligned,,,,
,,37,cl-02,HQ,HQ,HQ,HQ,HQ,manually aligned,,,,
,,37,nm-01,HQ,HQ,HQ,D,D,dropped,,"totally corrupted, frames missing, same issue as in p035",,
,,37,nm-02,HQ,HQ,HQ,D,D,dropped,,"totally corrupted, frames missing, same issue as in p035",,
,,37,nm-03,HQ,HQ,HQ,D,D,dropped,,"totally corrupted, frames missing, same issue as in p035",,
,,38,bg-01,HQ,HQ,HQ,HQ,HQ,manually aligned,,,,
,,38,bg-02,HQ,HQ,HQ,HQ,HQ,manually aligned,,,,
,,38,cl-01,HQ,HQ,HQ,HQ,D,dropped,,,,
,,38,cl-02,HQ,HQ,HQ,HQ,D,dropped,,,,
,,38,nm-01,HQ,HQ,HQ,HQ,D,dropped,,,,
,,38,nm-02,HQ,HQ,HQ,HQ,HQ,manually aligned,,,,
,,38,nm-03,HQ,HQ,HQ,HQ,HQ,end-aligned,,,,
,,39,bg-01,HQ,HQ,HQ,HQ,D,dropped,,,,
,,39,bg-02,HQ,HQ,HQ,D,HQ,dropped,,,,
,,39,cl-01,HQ,HQ,HQ,HQ,D,dropped,,,,
,,39,cl-02,HQ,HQ,HQ,HQ,HQ,manually aligned,,,,
,,,,,,,,,,,,,
,,,,,,,,,,,,,
,,,,,,,,,,,,,
Yes,Yiyang,40,bg-01,HQ,HQ,HQ,HQ,HQ,manually aligned,,,warn,left foot annotation don't end not in frame
Yes,Yiyang,40,bg-02,HQ,HQ,HQ,HQ,HQ,manually aligned,,,ok,
Yes,Yiyang,40,nm-01,HQ,HQ,HQ,HQ,HQ,manually aligned,,,ok,
Yes,Yiyang,40,nm-02,HQ,HQ,HQ,HQ,HQ,manually aligned,,,ok,
Yes,Yiyang,40,cl-01,HQ,HQ,HQ,HQ,HQ,manually aligned,,,ok,
Yes,Yiyang,40,cl-02,HQ,HQ,HQ,HQ,HQ,manually aligned,,,ok,
Yes,Yiyang,40,nm-03,HQ,HQ,HQ,HQ,HQ,manually aligned,,,ok,
Yes,Yiyang,41,bg-01,HQ,HQ,HQ,HQ,HQ,end-aligned,,,warn,some LOG have -1 frame diff 
Yes,Yiyang,41,bg-02,D,HQ,HQ,HQ,HQ,manually aligned,,,ok,
Yes,Yiyang,41,nm-01,HQ,HQ,HQ,HQ,HQ,manually aligned,,,ok,
Yes,Yiyang,41,nm-02,HQ,HQ,HQ,HQ,HQ,end-aligned,,,ok,
Yes,Yiyang,41,cl-01,HQ,HQ,HQ,HQ,HQ,manually aligned,,,ok,
Yes,Yiyang,41,cl-02,HQ,HQ,HQ,HQ,HQ,end-aligned,,,ok,
Yes,Yiyang,42,bg-01,HQ,HQ,HQ,HQ,HQ,manually aligned,,,ok,
Yes,Yiyang,42,bg-02,HQ,HQ,HQ,HQ,HQ,end-aligned,,,ok,
Yes,Yiyang,42,nm-01,HQ,HQ,HQ,HQ,HQ,manually aligned,,,ok,
Yes,Yiyang,42,nm-02,HQ,HQ,D,HQ,HQ,dropped,,,,
Yes,Yiyang,42,cl-01,HQ,HQ,HQ,HQ,HQ,end-aligned,,,ok,
Yes,Yiyang,42,cl-02,HQ,D,HQ,HQ,HQ,manually aligned,,,ok,
Yes,Yiyang,43,bg-01,HQ,HQ,HQ,HQ,HQ,manually aligned,,,ok,
Yes,Yiyang,43,bg-02,D,HQ,HQ,HQ,HQ,manually aligned,,,ok,
Yes,Yiyang,43,nm-01,HQ,HQ,HQ,HQ,HQ,end-aligned,,,ok,
Yes,Yiyang,43,nm-02,HQ,HQ,HQ,HQ,HQ,manually aligned,,,ok,
Yes,Yiyang,43,cl-01,HQ,HQ,HQ,HQ,HQ,manually aligned,,,ok,
Yes,Yiyang,43,cl-02,HQ,HQ,HQ,HQ,HQ,manually aligned,,,ok,
Yes,Yiyang,44,bg-01,HQ,HQ,HQ,HQ,HQ,manually aligned,,,ok,
Yes,Yiyang,44,bg-02,D,HQ,HQ,D,HQ,dropped,,,ok,
Yes,Yiyang,44,nm-01,HQ,HQ,HQ,HQ,HQ,manually aligned,,,ok,
Yes,Yiyang,44,nm-02,HQ,HQ,HQ,HQ,HQ,manually aligned,,,ok,
Yes,Yiyang,44,cl-01,HQ,D,D,D,HQ,dropped,,,,
Yes,Yiyang,44,cl-02,HQ,HQ,HQ,HQ,HQ,end-aligned,,,ok,
Yes,Yiyang,45,bg-01,HQ,D,D,HQ,HQ,dropped,,,,
Yes,Yiyang,45,bg-02,D,HQ,D,HQ,HQ,dropped,,,,
Yes,Yiyang,45,nm-01,D,D,D,D,D,dropped,,,,
Yes,Yiyang,45,nm-02,HQ,HQ,HQ,D,HQ,manually aligned,,,ok,
Yes,Yiyang,45,cl-01,HQ,HQ,HQ,HQ,HQ,manually aligned,,,ok,
Yes,Yiyang,45,cl-02,HQ,HQ,D,HQ,HQ,manually aligned,,,ok,
Yes,Yiyang,46,bg-01,HQ,HQ,HQ,HQ,HQ,manually aligned,,,ok,
Yes,Yiyang,46,bg-02,HQ,HQ,HQ,HQ,HQ,manually aligned,,,ok,
Yes,Yiyang,46,nm-01,HQ,HQ,HQ,HQ,HQ,manually aligned,,,ok,
Yes,Yiyang,46,nm-02,HQ,HQ,D,D,HQ,dropped,,,,
Yes,Yiyang,46,cl-01,HQ,HQ,HQ,HQ,HQ,end-aligned,,,ok,
Yes,Yiyang,46,cl-02,HQ,HQ,HQ,HQ,HQ,manually aligned,,,ok,
Yes,Yiyang,47,bg-01,HQ,HQ,HQ,HQ,HQ,end-aligned,,,ok,
Yes,Yiyang,47,bg-02,HQ,HQ,HQ,HQ,HQ,manually aligned,,,ok,
Yes,Yiyang,47,nm-01,HQ,HQ,HQ,HQ,HQ,manually aligned,,,ok,
Yes,Yiyang,47,nm-02,HQ,HQ,HQ,HQ,HQ,manually aligned,,,ok,
Yes,Yiyang,47,cl-01,HQ,HQ,HQ,HQ,HQ,manually aligned,,,ok,
Yes,Yiyang,47,cl-02,HQ,HQ,HQ,HQ,HQ,manually aligned,,,ok,
Yes,Yiyang,48,bg-01,HQ,HQ,HQ,HQ,HQ,manually aligned,,,ok,
Yes,Yiyang,48,bg-02,HQ,HQ,HQ,HQ,HQ,end-aligned,,The color of frame18 is different wtih others.,ok,
Yes,Yiyang,48,nm-01,D,HQ,HQ,D,D,dropped,,,,
Yes,Yiyang,48,nm-02,D,HQ,HQ,HQ,HQ,manually aligned,,,ok,
Yes,Yiyang,48,cl-01,HQ,HQ,HQ,HQ,HQ,manually aligned,,"The color of frame18, 54 and 162 is different wtih others.",ok,
Yes,Yiyang,48,cl-02,HQ,HQ,HQ,HQ,HQ,manually aligned,,Colors are all different,ok,
Yes,Yiyang,49,bg-01,HQ,HQ,HQ,HQ,HQ,manually aligned,,,ok,
Yes,Yiyang,49,bg-02,HQ,HQ,HQ,HQ,HQ,end-aligned,,,ok,
Yes,Yiyang,49,nm-01,HQ,HQ,HQ,D,HQ,manually aligned,,,ok,
Yes,Yiyang,49,nm-02,HQ,HQ,HQ,HQ,HQ,end-aligned,,,ok,
Yes,Yiyang,49,cl-01,HQ,HQ,HQ,HQ,HQ,manually aligned,,,ok,
Yes,Yiyang,49,cl-02,HQ,HQ,HQ,HQ,HQ,manually aligned,,,ok,
,,,,,,,,,,,,,
Yes,Benjamin,50,bg-01,HQ,HQ,HQ,HQ,HQ,manually aligned,,Step 5: Forget to mak last in frame,error,double air
Yes,Benjamin,50,bg-02,HQ,HQ,HQ,HQ,HQ,manually aligned,,Step 5: Forget to mak last in frame,error,double air
Yes,Benjamin,50,nm-01,HQ,HQ,HQ,HQ,HQ,manually aligned,,Step 5: Forget to mak last in frame,error,double air
Yes,Benjamin,50,nm-02,HQ,HQ,HQ,HQ,HQ,manually aligned,,Step 5: Forget to mak last in frame,error,double air
Yes,Benjamin,50,cl-01,HQ,HQ,HQ,HQ,HQ,manually aligned,,,error,double air
Yes,Benjamin,50,cl-02,HQ,HQ,HQ,HQ,HQ,manually aligned,,,error,double air
Yes,Benjamin,51,bg-01,HQ,HQ,HQ,HQ,HQ,manually aligned,,,error,double air
Yes,Benjamin,51,bg-02,HQ,HQ,HQ,HQ,HQ,end-aligned,,,error,double air
Yes,Benjamin,51,nm-01,D,D,D,D,D,dropped,,,,
Yes,Benjamin,51,nm-02,HQ,HQ,HQ,HQ,HQ,manually aligned,,,error,double air
Yes,Benjamin,51,cl-01,HQ,HQ,HQ,HQ,,manually aligned,,,error,double air
Yes,Benjamin,51,cl-02,HQ,HQ,HQ,HQ,HQ,end-aligned,,,error,double air
Yes,Benjamin,52,bg-01,HQ,HQ,D,D,HQ,dropped,,,,
Yes,Benjamin,52,bg-02,HQ,HQ,HQ,D,HQ,dropped,,,,
Yes,Benjamin,52,nm-01,HQ,HQ,HQ,HQ,HQ,manually aligned,,,,
Yes,Benjamin,52,nm-02,HQ,HQ,HQ,HQ,HQ,manually aligned,,,,
Yes,Benjamin,52,cl-01,HQ,HQ,HQ,HQ,HQ,manually aligned,,,,
Yes,Benjamin,52,cl-02,HQ,HQ,HQ,D,HQ,dropped,,,,
Yes,Benjamin,53,bg-01,HQ,HQ,HQ,HQ,HQ,manually aligned,,,error,double air
Yes,Benjamin,53,bg-02,HQ,HQ,D,HQ,HQ,dropped,,,error,double air. dropped in commit
Yes,Benjamin,53,nm-01,HQ,HQ,HQ,HQ,HQ,manually aligned,,,error,double air
Yes,Benjamin,53,nm-02,HQ,HQ,D,HQ,HQ,dropped,,,,
Yes,Benjamin,53,cl-01,D,HQ,HQ,HQ,HQ,dropped,,,,
Yes,Benjamin,53,cl-02,HQ,HQ,HQ,HQ,HQ,manually aligned,,,error,double air
Yes,Benjamin,54,bg-01,HQ,HQ,HQ,HQ,HQ,end-aligned,30.08/16:00,,,
Yes,Benjamin,54,bg-02,HQ,HQ,HQ,HQ,D,dropped,,dropped at the end ,,
Yes,Benjamin,54,nm-01,HQ,HQ,D,HQ,HQ,dropped,,,,
Yes,Benjamin,54,nm-02,HQ,D,HQ,HQ,HQ,dropped,,,,
Yes,Benjamin,54,cl-01,HQ,HQ,HQ,D,HQ,dropped,,,,
Yes,Benjamin,54,cl-02,HQ,HQ,HQ,HQ,HQ,manually aligned,,,,
Yes,Benjamin,55,bg-01,HQ,HQ,HQ,HQ,HQ,manually aligned,,,,
Yes,Benjamin,55,bg-02,HQ,HQ,HQ,HQ,HQ,manually aligned,,,,
Yes,Benjamin,55,nm-01,HQ,HQ,HQ,HQ,HQ,manually aligned,,,,
Yes,Benjamin,55,nm-02,HQ,HQ,HQ,HQ,HQ,end-aligned,,,,
Yes,Benjamin,55,cl-01,HQ,HQ,HQ,HQ,HQ,end-aligned,,,,
Yes,Benjamin,55,cl-02,HQ,HQ,HQ,HQ,HQ,manually aligned,,,,
Yes,Benjamin,56,bg-01,D,HQ,HQ,HQ,HQ,dropped,,,,
Yes,Benjamin,56,bg-02,HQ,HQ,HQ,HQ,HQ,manually aligned,,,,
Yes,Benjamin,56,nm-01,D,HQ,HQ,HQ,HQ,dropped,,,,
Yes,Benjamin,56,nm-02,HQ,HQ,HQ,HQ,HQ,manually aligned,,,,
Yes,Benjamin,56,cl-01,HQ,HQ,HQ,D,HQ,dropped,,,,
Yes,Benjamin,56,cl-02,HQ,HQ,D,D,HQ,dropped,,,,
Yes,Benjamin,57,bg-01,HQ,HQ,D,HQ,HQ,dropped,,,,
Yes,Benjamin,57,bg-02,HQ,HQ,HQ,HQ,HQ,manually aligned,,,,
Yes,Benjamin,57,nm-01,HQ,HQ,HQ,HQ,HQ,manually aligned,,,,
Yes,Benjamin,57,nm-02,HQ,HQ,HQ,D,HQ,dropped,,,,
Yes,Benjamin,57,cl-01,D,D,HQ,HQ,HQ,dropped,,,,
Yes,Benjamin,57,cl-02,HQ,HQ,HQ,HQ,HQ,manually aligned,,,,
Yes,Benjamin,58,bg-01,HQ,HQ,HQ,HQ,HQ,manually aligned,,,,
Yes,Benjamin,58,bg-02,HQ,HQ,HQ,HQ,HQ,manually aligned,,,,
Yes,Benjamin,58,nm-01,HQ,D,HQ,HQ,HQ,dropped,,,,
Yes,Benjamin,58,nm-02,HQ,D,HQ,HQ,HQ,dropped,,,,
Yes,Benjamin,58,cl-01,HQ,D,HQ,HQ,HQ,dropped,,,,
Yes,Benjamin,58,cl-02,HQ,HQ,HQ,HQ,HQ,manually aligned,,,,
Yes,Benjamin,59,bg-01,HQ,HQ,HQ,HQ,HQ,manually aligned,,,,
Yes,Benjamin,59,bg-02,HQ,HQ,D,HQ,HQ,dropped,,,,
Yes,Benjamin,59,nm-01,HQ,HQ,HQ,HQ,HQ,manually aligned,,,,
Yes,Benjamin,59,nm-02,HQ,HQ,HQ,HQ,HQ,manually aligned,,,,
Yes,Benjamin,59,cl-01,HQ,HQ,HQ,HQ,HQ,end-aligned,,,,
Yes,Benjamin,59,cl-02,HQ,HQ,HQ,HQ,HQ,manually aligned,,,,
,,,,,,,,,,,,,
Yes,Prateek,60,bg-01,HQ,HQ,HQ,HQ,HQ,manually aligned,,,ok,last status of feed happen diff frames
Yes,Prateek,60,bg-02,HQ,HQ,HQ,HQ,HQ,end-aligned,,,ok,last status of feed happen diff frames
Yes,Prateek,60,cl-01,HQ,HQ,HQ,HQ,HQ,manually aligned,,,ok,last status of feed happen diff frames
Yes,Prateek,60,cl-02,HQ,HQ,HQ,HQ,HQ,end-aligned,,,ok,last status of feed happen diff frames
Yes,Prateek,60,nm-01,HQ,HQ,HQ,HQ,HQ,end-aligned,,,ok,last status of feed happen diff frames
Yes,Prateek,60,nm-02,HQ,D,HQ,D,HQ,dropped,,,,
Yes,Prateek,60,nm-03,HQ,HQ,HQ,HQ,HQ,manually aligned,,not to be counted. ,ok,last status of feed happen diff frames
Yes,Prateek,61,bg-01,HQ,HQ,HQ,HQ,HQ,end-aligned,,,ok,last status of feed happen diff frames
Yes,Prateek,61,bg-02,HQ,HQ,HQ,HQ,HQ,end-aligned,,,ok,last status of feed happen diff frames
Yes,Prateek,61,cl-01,HQ,HQ,HQ,HQ,HQ,manually aligned,,,,
Yes,Prateek,61,cl-02,HQ,HQ,HQ,HQ,HQ,manually aligned,,,ok,last status of feed happen diff frames
Yes,Prateek,61,nm-01,HQ,HQ,HQ,HQ,HQ,manually aligned,,,ok,last status of feed happen diff frames
Yes,Prateek,61,nm-02,HQ,HQ,HQ,HQ,HQ,manually aligned,,,warn,last status of feed is already out of frame
Yes,Prateek,62,bg-01,HQ,HQ,HQ,HQ,HQ,manually aligned,,,ok,
Yes,Prateek,62,bg-02,HQ,HQ,HQ,HQ,HQ,manually aligned,,,warn,last status of feed is already out of frame
Yes,Prateek,62,cl-01,HQ,HQ,HQ,HQ,HQ,manually aligned,,,ok,
Yes,Prateek,62,cl-02,HQ,HQ,HQ,HQ,HQ,manually aligned,,,ok,
Yes,Prateek,62,nm-01,HQ,HQ,HQ,HQ,HQ,manually aligned,,,ok,
Yes,Prateek,62,nm-02,HQ,HQ,HQ,HQ,HQ,manually aligned,,,ok ,last status in diff frames + ends earlier
Yes,Prateek,63,bg-01,HQ,HQ,HQ,HQ,HQ,manually aligned,,,ok,last status in diff frames + ends earlier
Yes,Prateek,63,bg-02,D,HQ,HQ,HQ,HQ,dropped,,,,
Yes,Prateek,63,cl-01,HQ,HQ,HQ,HQ,HQ,manually aligned,,,ok,
Yes,Prateek,63,cl-02,HQ,HQ,HQ,HQ,HQ,manually aligned,,,ok,
Yes,Prateek,63,nm-01,HQ,HQ,HQ,HQ,HQ,end-aligned,,,ok,
Yes,Prateek,63,nm-02,HQ,HQ,HQ,HQ,HQ,manually aligned,,,warn,2 frames missalignment 3 transition 18 and 54
Yes,Prateek,64,bg-01,D,D,HQ,HQ,HQ,dropped,,,,
Yes,Prateek,64,bg-02,HQ,HQ,HQ,HQ,HQ,manually aligned,,,ok,
Yes,Prateek,64,cl-01,HQ,HQ,HQ,HQ,HQ,manually aligned,,,ok,
Yes,Prateek,64,cl-02,HQ,HQ,HQ,HQ,HQ,manually aligned,,,ok,
Yes,Prateek,64,nm-01,HQ,HQ,HQ,HQ,HQ,manually aligned,,,ok,
Yes,Prateek,64,nm-02,HQ,HQ,HQ,HQ,HQ,manually aligned,,,ok,
Yes,Prateek,65,bg-01,HQ,HQ,HQ,HQ,HQ,manually aligned,,,ok,
Yes,Prateek,65,bg-02,HQ,HQ,HQ,HQ,HQ,manually aligned,,,ok,
Yes,Prateek,65,cl-01,HQ,HQ,HQ,HQ,HQ,end-aligned,,,warn,Rg87 two frames shift
Yes,Prateek,65,cl-02,HQ,HQ,HQ,HQ,HQ,manually aligned,,,ok,
Yes,Prateek,65,nm-01,HQ,HQ,HQ,HQ,HQ,manually aligned,,,ok,
Yes,Prateek,65,nm-02,HQ,HQ,HQ,HQ,HQ,manually aligned,,,ok,
Yes,Prateek,66,bg-01,HQ,HQ,HQ,HQ,HQ,end-aligned,,,ok,
Yes,Prateek,66,bg-02,D,D,HQ,HQ,HQ,dropped,,,,
Yes,Prateek,66,cl-01,HQ,HQ,HQ,HQ,HQ,manually aligned,,,ok,
Yes,Prateek,66,cl-02,HQ,HQ,HQ,HQ,HQ,manually aligned,,,ok,
Yes,Prateek,66,nm-01,HQ,HQ,HQ,HQ,HQ,end-aligned,,,ok,
Yes,Prateek,66,nm-02,HQ,HQ,HQ,HQ,HQ,manually aligned,,,ok,
Yes,Prateek,67,bg-01,HQ,HQ,HQ,HQ,HQ,manually aligned,,,ok,
Yes,Prateek,67,bg-02,HQ,HQ,HQ,HQ,HQ,manually aligned,,,ok,
Yes,Prateek,67,cl-01,HQ,HQ,HQ,HQ,HQ,end-aligned,,,ok,
Yes,Prateek,67,cl-02,HQ,HQ,HQ,HQ,HQ,manually aligned,,,ok,
Yes,Prateek,67,nm-01,HQ,HQ,HQ,HQ,HQ,manually aligned,,,ok,
Yes,Prateek,67,nm-02,HQ,HQ,HQ,HQ,HQ,end-aligned,,,ok,
Yes,Prateek,68,bg-01,HQ,HQ,HQ,HQ,HQ,end-aligned,,,ok,
Yes,Prateek,68,bg-02,HQ,HQ,HQ,HQ,HQ,manually aligned,,,ok,
Yes,Prateek,68,cl-01,HQ,HQ,HQ,HQ,HQ,manually aligned,,,ok,
Yes,Prateek,68,cl-02,HQ,HQ,HQ,HQ,HQ,manually aligned,,,error,double air
Yes,Prateek,68,nm-01,HQ,HQ,HQ,HQ,HQ,manually aligned,,Frame 90 has a different colour (green),ok,
Yes,Prateek,68,nm-02,HQ,HQ,HQ,HQ,HQ,manually aligned,,Frame 18 and 90 have a different colour (green),ok,
Yes,Prateek,69,bg-01,HQ,HQ,HQ,HQ,HQ,manually aligned,,,ok,
Yes,Prateek,69,bg-02,HQ,HQ,HQ,HQ,HQ,manually aligned,,,warn,La33 2 frames shift
Yes,Prateek,69,cl-01,HQ,HQ,HQ,HQ,HQ,manually aligned,,,warn,initial frames stiil NIF
Yes,Prateek,69,cl-02,D,D,HQ,HQ,HQ,dropped,,,,
Yes,Prateek,69,nm-01,HQ,HQ,HQ,HQ,HQ,manually aligned,,,ok,
Yes,Prateek,69,nm-02,D,D,HQ,HQ,HQ,dropped,,Frame 18 and 54 are discontinuous in transitions,,
,,,,,,,,,,,,,
,,,,,,,,,,,,,
,,,,,,,,,,,,,
Yes,Yiyang,70,bg-01,D,D,HQ,HQ,HQ,manually aligned,,,error,transition for angles 18 and 54 are not correct
Yes,Yiyang,70,bg-02,D,D,HQ,HQ,HQ,manually aligned,,,error,NIF for angles 18 and 54 don't match with 90
Yes,Yiyang,70,nm-01,D,D,HQ,D,HQ,dropped,,,,
Yes,Yiyang,70,nm-02,D,D,HQ,HQ,HQ,end-aligned,,,error,NIF beging and end 18 and 54 don't match with 90.
Yes,Yiyang,70,cl-01,D,D,D,HQ,HQ,dropped,,,,
Yes,Yiyang,70,cl-02,D,D,HQ,HQ,HQ,manually aligned,,,error,NIF beging and end 18 and 54 don't match with 90.
Yes,Yiyang,71,bg-01,HQ,HQ,HQ,HQ,HQ,manually aligned,,,error,double air
Yes,Yiyang,71,bg-02,HQ,HQ,HQ,HQ,HQ,manually aligned,,,ok,
Yes,Yiyang,71,nm-01,HQ,HQ,HQ,HQ,HQ,end-aligned,,,warn,Ra102 and La115 90deg are shift +2 or 3 frames
Yes,Yiyang,71,nm-02,HQ,HQ,HQ,HQ,HQ,end-aligned,,,ok,
Yes,Yiyang,71,cl-01,HQ,HQ,HQ,HQ,HQ,manually aligned,,,ok,last on air a 1 frame ahead
Yes,Yiyang,71,cl-02,HQ,HQ,HQ,HQ,HQ,end-aligned,,,ok,last on air a 1 frame ahead
Yes,Yiyang,72,bg-01,D,D,HQ,HQ,HQ,manually aligned,,,ok,
Yes,Yiyang,72,bg-02,HQ,HQ,HQ,HQ,HQ,manually aligned,,,ok,
Yes,Yiyang,72,nm-01,HQ,HQ,HQ,HQ,HQ,manually aligned,,,ok,last on air a 1 frame ahead
Yes,Yiyang,72,nm-02,HQ,HQ,HQ,HQ,HQ,manually aligned,,,warn,there is no NIF fro right foot
Yes,Yiyang,72,cl-01,HQ,HQ,HQ,HQ,HQ,manually aligned,,,ok,
Yes,Yiyang,72,cl-02,HQ,HQ,HQ,HQ,HQ,manually aligned,,,ok,
Yes,Yiyang,73,bg-01,HQ,HQ,HQ,HQ,HQ,manually aligned,,,ok,la67 90deg +1 frame
Yes,Yiyang,73,bg-02,HQ,D,HQ,HQ,HQ,manually aligned,,,ok,
Yes,Yiyang,73,nm-01,HQ,HQ,HQ,HQ,HQ,manually aligned,,,ok,
Yes,Yiyang,73,nm-02,HQ,HQ,HQ,D,D,manually aligned,,,ok,
Yes,Yiyang,73,cl-01,HQ,HQ,HQ,HQ,HQ,manually aligned,,,error,not commited
Yes,Yiyang,73,cl-02,D,HQ,HQ,D,D,dropped,,,,
Yes,Yiyang,74,bg-01,HQ,HQ,HQ,HQ,HQ,manually aligned,,,ok,
Yes,Yiyang,74,bg-02,HQ,HQ,HQ,HQ,HQ,manually aligned,,,ok,
Yes,Yiyang,74,nm-01,HQ,HQ,HQ,HQ,HQ,manually aligned,,,ok,
Yes,Yiyang,74,nm-02,HQ,HQ,HQ,HQ,HQ,manually aligned,,,ok,
Yes,Yiyang,74,cl-01,HQ,HQ,HQ,HQ,HQ,manually aligned,,,ok,
Yes,Yiyang,74,cl-02,HQ,HQ,HQ,HQ,D,manually aligned,,,ok,
Yes,Yiyang,75,bg-01,D,D,D,D,D,dropped,,Frames90 is not actually shot from 90 degree (from 108 degree actually),,
Yes,Yiyang,75,bg-02,D,D,D,D,D,dropped,,Frames90 is not actually shot from 90 degree (from 108 degree actually),,
Yes,Yiyang,75,nm-01,D,D,D,D,D,dropped,,Frames90 is not actually shot from 90 degree (from 108 degree actually),,
Yes,Yiyang,75,nm-02,D,D,D,D,D,dropped,,Frames90 is not actually shot from 90 degree (from 108 degree actually),,
Yes,Yiyang,75,cl-01,D,D,D,D,D,dropped,,Frames90 is not actually shot from 90 degree (from 108 degree actually),,
Yes,Yiyang,75,cl-02,D,D,D,D,D,dropped,,Frames90 is not actually shot from 90 degree (from 108 degree actually),,
No,Yiyang,76,bg-01,D,D,D,D,D,dropped,,Frames90 is not actually shot from 90 degree (from 108 degree actually),,
,Yiyang,76,bg-02,D,D,D,D,D,dropped,,Frames90 is not actually shot from 90 degree (from 108 degree actually),,
,Yiyang,76,nm-01,D,D,D,D,D,dropped,,Frames90 is not actually shot from 90 degree (from 108 degree actually),,
,Yiyang,76,nm-02,D,D,D,D,D,dropped,,Frames90 is not actually shot from 90 degree (from 108 degree actually),,
,Yiyang,76,cl-01,D,D,D,D,D,dropped,,Frames90 is not actually shot from 90 degree (from 108 degree actually),,
,Yiyang,76,cl-02,D,D,D,D,D,dropped,,Frames90 is not actually shot from 90 degree (from 108 degree actually),,
Yes,Yiyang,77,bg-01,HQ,HQ,HQ,HQ,HQ,manually aligned,,,ok,
Yes,Yiyang,77,bg-02,HQ,HQ,HQ,D,HQ,manually aligned,,,ok,last in air +1 frame
Yes,Yiyang,77,nm-01,HQ,D,HQ,HQ,HQ,manually aligned,,,ok,last in air +1 frame
Yes,Yiyang,77,nm-02,HQ,HQ,HQ,HQ,HQ,manually aligned,,,ok,last in air +1 frame
Yes,Yiyang,77,cl-01,HQ,HQ,HQ,HQ,HQ,manually aligned,,,ok,last in air +1 frame
Yes,Yiyang,77,cl-02,D,HQ,HQ,HQ,HQ,manually aligned,,,ok,last in air +1 frame
Yes,Yiyang,78,bg-01,D,HQ,HQ,HQ,HQ,manually aligned,,,ok,
Yes,Yiyang,78,bg-02,HQ,HQ,HQ,HQ,HQ,manually aligned,,,ok,
Yes,Yiyang,78,nm-01,HQ,HQ,HQ,HQ,HQ,manually aligned,,,ok,
Yes,Yiyang,78,nm-02,HQ,HQ,HQ,HQ,HQ,manually aligned,,,ok,
Yes,Yiyang,78,cl-01,D,HQ,HQ,HQ,HQ,manually aligned,,,ok,
Yes,Yiyang,78,cl-02,HQ,D,HQ,HQ,HQ,manually aligned,,,ok,last in air +1frame
Yes,Yiyang,79,bg-01,HQ,HQ,HQ,HQ,HQ,manually aligned,,,ok,
Yes,Yiyang,79,bg-02,HQ,HQ,HQ,HQ,HQ,manually aligned,,,ok,last in air +1frame
Yes,Yiyang,79,nm-01,D,HQ,D,D,HQ,dropped,,,,
Yes,Yiyang,79,nm-02,HQ,HQ,HQ,HQ,HQ,manually aligned,,,ok,
Yes,Yiyang,79,cl-01,HQ,HQ,D,HQ,HQ,manually aligned,,,ok,
Yes,Yiyang,79,cl-02,HQ,HQ,HQ,D,HQ,manually aligned,,,ok,
Yes,Yiyang,80,bg-01,HQ,HQ,HQ,HQ,HQ,manually aligned,,,ok,last in air +1frame
Yes,Yiyang,80,bg-02,HQ,HQ,D,HQ,HQ,manually aligned,,,ok,
Yes,Yiyang,80,nm-01,HQ,HQ,HQ,HQ,HQ,manually aligned,,the first pic is already in the frame. Finished alignment but did not annotate.,error,not commited
Yes,Yiyang,80,nm-02,D,HQ,HQ,D,D,dropped,,,,
Yes,Yiyang,80,cl-01,HQ,HQ,HQ,HQ,HQ,manually aligned,,,ok,
Yes,Yiyang,80,cl-02,HQ,HQ,HQ,HQ,HQ,manually aligned,,,ok,
Yes,Yiyang,81,bg-01,HQ,HQ,HQ,HQ,HQ,manually aligned,,,ok,last in air +1frame
Yes,Yiyang,81,bg-02,D,D,D,HQ,HQ,dropped,,,,
Yes,Yiyang,81,nm-01,HQ,HQ,HQ,D,HQ,manually aligned,,,ok,last in air +1frame
Yes,Yiyang,81,nm-02,HQ,HQ,HQ,HQ,HQ,manually aligned,,,ok,
Yes,Yiyang,81,cl-01,HQ,HQ,HQ,HQ,HQ,manually aligned,,,ok,
Yes,Yiyang,81,cl-02,HQ,HQ,HQ,HQ,HQ,manually aligned,,,ok,
Yes,Yiyang,82,bg-01,HQ,D,HQ,HQ,HQ,manually aligned,,,ok,
Yes,Yiyang,82,bg-02,HQ,HQ,HQ,HQ,HQ,end-aligned,,,ok,
Yes,Yiyang,82,nm-01,HQ,HQ,HQ,HQ,HQ,manually aligned,,,ok,
Yes,Yiyang,82,nm-02,HQ,HQ,HQ,HQ,HQ,manually aligned,,,ok,
Yes,Yiyang,82,cl-01,HQ,HQ,HQ,D,HQ,manually aligned,,,ok,
Yes,Yiyang,82,cl-02,HQ,HQ,HQ,HQ,HQ,manually aligned,,,ok,
Yes,Yiyang,83,bg-01,D,D,HQ,HQ,HQ,manually aligned,,,ok,last in air +1frame
Yes,Yiyang,83,bg-02,HQ,HQ,HQ,D,HQ,manually aligned,,,ok,last in air +1frame
Yes,Yiyang,83,nm-01,HQ,HQ,HQ,D,HQ,manually aligned,,,ok,
Yes,Yiyang,83,nm-02,HQ,HQ,HQ,HQ,HQ,manually aligned,,,ok,
Yes,Yiyang,83,cl-01,HQ,HQ,HQ,HQ,HQ,manually aligned,,,ok,
Yes,Yiyang,83,cl-02,HQ,HQ,HQ,HQ,HQ,manually aligned,,,ok,
Yes,Yiyang,84,bg-01,HQ,HQ,HQ,D,HQ,manually aligned,,,ok,
Yes,Yiyang,84,bg-02,HQ,HQ,HQ,HQ,HQ,manually aligned,,,ok,
Yes,Yiyang,84,nm-01,HQ,HQ,D,HQ,HQ,manually aligned,,a little bit misalignment at the end of frames90,ok,
Yes,Yiyang,84,nm-02,HQ,HQ,HQ,HQ,HQ,manually aligned,,,ok,
Yes,Yiyang,84,cl-01,D,D,HQ,HQ,HQ,manually aligned,,,ok,
Yes,Yiyang,84,cl-02,HQ,HQ,HQ,HQ,HQ,manually aligned,,,ok,
Yes,Yiyang,85,bg-01,HQ,HQ,HQ,HQ,HQ,end-aligned,,,ok,
Yes,Yiyang,85,bg-02,HQ,HQ,HQ,D,HQ,end-aligned,,,ok,
Yes,Yiyang,85,nm-01,HQ,HQ,HQ,HQ,HQ,end-aligned,,,ok,
Yes,Yiyang,85,nm-02,HQ,HQ,HQ,HQ,HQ,manually aligned,,,ok,
Yes,Yiyang,85,cl-01,D,HQ,HQ,HQ,HQ,manually aligned,,,ok,
Yes,Yiyang,85,cl-02,D,D,D,D,D,dropped,,,,
Yes,Yiyang,86,bg-01,D,D,D,D,D,dropped,,,,
Yes,Yiyang,86,bg-02,HQ,HQ,HQ,HQ,HQ,manually aligned,,,ok,
Yes,Yiyang,86,nm-01,HQ,HQ,HQ,HQ,HQ,manually aligned,,,ok,
Yes,Yiyang,86,nm-02,HQ,HQ,HQ,HQ,HQ,manually aligned,,,ok,
Yes,Yiyang,86,cl-01,HQ,HQ,HQ,HQ,HQ,manually aligned,,,ok,
Yes,Yiyang,86,cl-02,D,D,D,D,D,dropped,,,,
Yes,Yiyang,87,bg-01,D,D,D,D,D,dropped,,,,
Yes,Yiyang,87,bg-02,D,HQ,HQ,HQ,HQ,manually aligned,,,ok,
Yes,Yiyang,87,nm-01,D,HQ,HQ,D,D,dropped,,,,
Yes,Yiyang,87,nm-02,HQ,HQ,HQ,HQ,HQ,end-aligned,,,ok,"last in air +1frame, Lg50 1 frame +1"
Yes,Yiyang,87,cl-01,HQ,HQ,HQ,HQ,HQ,manually aligned,,,ok,
Yes,Yiyang,87,cl-02,HQ,HQ,HQ,HQ,HQ,manually aligned,,,ok,
No,Yiyang,88,bg-01,HQ,HQ,HQ,HQ,HQ,manually aligned,,,,
No,Yiyang,88,bg-02,D,D,D,D,D,dropped,,,,
No,Yiyang,88,nm-01,HQ,HQ,HQ,HQ,HQ,manually aligned,,,,
No,Yiyang,88,nm-02,HQ,HQ,HQ,HQ,HQ,manually aligned,,,,
No,Yiyang,88,cl-01,HQ,HQ,HQ,HQ,HQ,manually aligned,,,,
No,Yiyang,88,cl-02,HQ,HQ,HQ,HQ,HQ,manually aligned,,,,
No,Yiyang,89,bg-01,HQ,HQ,HQ,HQ,HQ,end-aligned,,,,
No,Yiyang,89,bg-02,HQ,D,HQ,HQ,HQ,end-aligned,,,,
No,Yiyang,89,nm-01,HQ,HQ,HQ,HQ,HQ,manually aligned,,,,
No,Yiyang,89,nm-02,HQ,D,D,HQ,D,dropped,,,,
No,Yiyang,89,cl-01,HQ,HQ,HQ,HQ,HQ,manually aligned,,,,
No,Yiyang,89,cl-02,D,D,D,HQ,HQ,dropped,,,,
Yes,Prateek,90,bg-01,HQ,HQ,HQ,HQ,HQ,manually aligned,,,ok,
Yes,Prateek,90,bg-02,HQ,HQ,HQ,HQ,HQ,manually aligned,,,warn,starts still NIF
Yes,Prateek,90,cl-01,HQ,HQ,HQ,HQ,HQ,manually aligned,,,ok,
Yes,Prateek,90,cl-02,HQ,HQ,HQ,HQ,HQ,manually aligned,,,ok,
Yes,Prateek,90,nm-01,HQ,HQ,HQ,HQ,HQ,manually aligned,,,ok,
Yes,Prateek,90,nm-02,HQ,HQ,HQ,HQ,HQ,manually aligned,,,ok,
Yes,Prateek,91,bg-01,HQ,HQ,HQ,HQ,HQ,manually aligned,,,warn,end is already NIF
Yes,Prateek,91,bg-02,HQ,HQ,HQ,HQ,HQ,manually aligned,,,warn,end is already NIF
Yes,Prateek,91,cl-01,HQ,HQ,HQ,HQ,HQ,manually aligned,,,ok,
Yes,Prateek,91,cl-02,HQ,HQ,HQ,HQ,HQ,manually aligned,,,ok,
Yes,Prateek,91,nm-01,HQ,HQ,HQ,HQ,HQ,manually aligned,,,ok,
Yes,Prateek,91,nm-02,HQ,HQ,HQ,HQ,HQ,manually aligned,,,ok,
Yes,Prateek,92,bg-01,D,D,HQ,D,D,dropped,,Diffcult to find syncronization with slippers.,,
Yes,Prateek,92,bg-02,HQ,HQ,HQ,HQ,HQ,manually aligned,,,warn,both start and end are NIF in 90 degrees
Yes,Prateek,92,cl-01,HQ,HQ,HQ,HQ,HQ,manually aligned,,,warn,both start and end are NIF in 90 degrees
Yes,Prateek,92,cl-02,HQ,HQ,HQ,HQ,HQ,manually aligned,,,warn,both start and end are NIF in 90 degrees
Yes,Prateek,92,nm-01,HQ,HQ,HQ,HQ,HQ,end-aligned,,,ok,
Yes,Prateek,92,nm-02,HQ,HQ,HQ,HQ,HQ,manually aligned,,,ok,
Yes,Prateek,93,bg-01,HQ,HQ,HQ,HQ,HQ,end-aligned,,,ok,
Yes,Prateek,93,bg-02,HQ,HQ,HQ,HQ,HQ,manually aligned,,,ok,
Yes,Prateek,93,cl-01,HQ,HQ,HQ,HQ,HQ,manually aligned,,,warn,end is NIF
Yes,Prateek,93,cl-02,HQ,HQ,HQ,HQ,HQ,manually aligned,,,error,not pushed
,,,,,,,,,,,,,
Yes,Benjamin,94,bg-01,HQ,HQ,HQ,D,D,dropped,,,,
Yes,Benjamin,94,bg-02,HQ,HQ,HQ,HQ,HQ,end-aligned,,,,
Yes,Benjamin,94,cl-01,HQ,D,HQ,HQ,HQ,dropped,,,,
Yes,Benjamin,94,cl-02,HQ,HQ,HQ,D,HQ,dropped,,,,
Yes,Benjamin,94,nm-01,HQ,HQ,HQ,HQ,HQ,manually aligned,,,,
Yes,Benjamin,94,nm-02,HQ,HQ,HQ,HQ,HQ,manually aligned,,,,
Yes,Benjamin,95,bg-01,HQ,HQ,HQ,D,HQ,dropped,,,,
Yes,Benjamin,95,bg-02,HQ,HQ,HQ,HQ,HQ,manually aligned,,,,
Yes,Benjamin,95,cl-01,D,HQ,HQ,HQ,HQ,dropped,,,,
Yes,Benjamin,95,cl-02,HQ,HQ,HQ,HQ,HQ,manually aligned,,,,
Yes,Benjamin,95,nm-01,HQ,HQ,HQ,HQ,HQ,manually aligned,,,,
Yes,Benjamin,95,nm-02,HQ,HQ,HQ,HQ,HQ,end-aligned,,,,
Yes,Benjamin,96,bg-01,HQ,HQ,HQ,HQ,D,dropped,,,,
Yes,Benjamin,96,bg-02,HQ,HQ,HQ,HQ,HQ,manually aligned,,,,
Yes,Benjamin,96,cl-01,HQ,HQ,HQ,D,HQ,dropped,,,,
Yes,Benjamin,96,cl-02,HQ,HQ,HQ,D,HQ,dropped,,,,
Yes,Benjamin,96,nm-01,HQ,HQ,HQ,HQ,HQ,manually aligned,,,,
Yes,Benjamin,96,nm-02,HQ,HQ,HQ,HQ,HQ,manually aligned,,,,
Yes,Benjamin,97,bg-01,HQ,D,HQ,HQ,HQ,dropped,,,,
Yes,Benjamin,97,bg-02,HQ,HQ,HQ,HQ,HQ,end-aligned,,,,
Yes,Benjamin,97,cl-01,HQ,HQ,D,HQ,HQ,dropped,,,,
Yes,Benjamin,97,cl-02,HQ,HQ,D,HQ,HQ,dropped,,,,
Yes,Benjamin,97,nm-01,HQ,HQ,D,HQ,HQ,dropped,,,,
Yes,Benjamin,97,nm-02,HQ,HQ,D,HQ,HQ,dropped,,,,
Yes,Benjamin,98,bg-01,HQ,HQ,HQ,HQ,HQ,manually aligned,,,,
Yes,Benjamin,98,bg-02,HQ,HQ,HQ,HQ,D,dropped,,,,
Yes,Benjamin,98,cl-01,HQ,HQ,HQ,HQ,HQ,dropped,,,,
Yes,Benjamin,98,cl-02,HQ,HQ,HQ,HQ,HQ,dropped,,,,
Yes,Benjamin,98,nm-01,HQ,HQ,HQ,HQ,HQ,end-aligned,,,,
Yes,Benjamin,98,nm-02,HQ,HQ,HQ,HQ,HQ,end-aligned,,,,
Yes,Benjamin,99,bg-01,HQ,HQ,HQ,HQ,HQ,end-aligned,,,,
Yes,Benjamin,99,bg-02,HQ,HQ,HQ,D,HQ,dropped,,,,
Yes,Benjamin,99,cl-01,HQ,HQ,HQ,HQ,HQ,end-aligned,,,,
Yes,Benjamin,99,cl-02,HQ,HQ,HQ,HQ,HQ,end-aligned,,frame90: should be dropped between 75 an 76. I declared not in box at frame 75 so it can be used,,
Yes,Benjamin,99,nm-01,HQ,D,HQ,HQ,HQ,dropped,,between 58 and 59,,
Yes,Benjamin,99,nm-02,HQ,HQ,HQ,D,HQ,dropped,,between 69 and 70,,
,,,,,,,,,,,,,
Yes,Benjamin,100,bg-01,HQ,HQ,D,HQ,HQ,dropped,,,,
Yes,Benjamin,100,bg-02,HQ,D,HQ,HQ,HQ,dropped,,,,
Yes,Benjamin,100,cl-01,HQ,HQ,HQ,HQ,HQ,manually aligned,,,,
Yes,Benjamin,100,cl-02,HQ,HQ,HQ,HQ,HQ,manually aligned,,,,
Yes,Benjamin,100,nm-01,HQ,HQ,HQ,HQ,HQ,manually aligned,,,,
Yes,Benjamin,100,nm-02,HQ,HQ,D,HQ,HQ,dropped,,frame 90: between 57 and 58,,
Yes,Benjamin,101,bg-01,HQ,HQ,HQ,D,HQ,dropped,,frame 126: between 57/58 and between 72/73,,
Yes,Benjamin,101,bg-02,HQ,HQ,HQ,D,HQ,dropped,,frame 126 jumps 3 times,,
Yes,Benjamin,101,cl-01,HQ,HQ,HQ,HQ,HQ,manually aligned,,,,
Yes,Benjamin,101,cl-02,HQ,D,HQ,HQ,HQ,dropped,,frame 54: between 74/75,,
Yes,Benjamin,101,nm-01,HQ,HQ,HQ,HQ,HQ,manually aligned,,,,
Yes,Benjamin,101,nm-02,HQ,HQ,D,HQ,HQ,dropped,,frame90: between 73/74,,
Yes,Benjamin,102,bg-01,HQ,HQ,HQ,HQ,HQ,manually aligned,,,,
Yes,Benjamin,102,bg-02,HQ,HQ,HQ,HQ,HQ,manually aligned,,,,
Yes,Benjamin,102,cl-01,HQ,HQ,HQ,D,HQ,dropped,,frame126: between 90/91,,
Yes,Benjamin,102,cl-02,HQ,HQ,HQ,HQ,HQ,manually aligned,,,,
Yes,Benjamin,102,nm-01,HQ,HQ,D,HQ,HQ,dropped,,frame90: umps between 56/57,,
Yes,Benjamin,102,nm-02,HQ,HQ,HQ,HQ,HQ,manually aligned,,,,
Yes,Benjamin,103,bg-01,HQ,HQ,HQ,HQ,HQ,manually aligned,,,,
Yes,Benjamin,103,bg-02,HQ,HQ,HQ,HQ,HQ,manually aligned,,,,
Yes,Benjamin,103,cl-01,HQ,HQ,HQ,D,HQ,dropped,,frame126: between73/74,,
Yes,Benjamin,103,cl-02,HQ,HQ,HQ,HQ,HQ,manually aligned,,"sequence ended before reaching ""out of box""",,
Yes,Benjamin,103,nm-01,HQ,HQ,HQ,HQ,HQ,manually aligned,,,,
Yes,Benjamin,103,nm-02,HQ,HQ,HQ,D,HQ,dropped,,frame 126:between 54/55,,
Yes,Benjamin,104,bg-01,HQ,HQ,HQ,D,HQ,dropped,,frame126: between55/56,,
Yes,Benjamin,104,bg-02,HQ,HQ,HQ,HQ,HQ,manually aligned,,,,
Yes,Benjamin,104,cl-01,D,HQ,HQ,HQ,HQ,dropped,,frame18:between38/39,,
Yes,Benjamin,104,cl-02,HQ,HQ,D,HQ,HQ,dropped,,frame90:between55/56,,
Yes,Benjamin,104,nm-01,D,HQ,HQ,HQ,HQ,dropped,,frame18:between55/56,,
Yes,Benjamin,104,nm-02,HQ,HQ,HQ,HQ,HQ,manually aligned,,,,
Yes,Prateek,105,bg-01,HQ,HQ,HQ,HQ,HQ,end-aligned,,,ok,
Yes,Prateek,105,bg-02,HQ,HQ,HQ,HQ,HQ,end-aligned,,,warn,end NIF
Yes,Prateek,105,cl-01,HQ,HQ,HQ,HQ,HQ,manually aligned,,,ok,
Yes,Prateek,105,cl-02,HQ,HQ,HQ,HQ,HQ,manually aligned,,,warn,Ra32 left foot still NO IN FRAME
Yes,Prateek,105,nm-01,HQ,HQ,HQ,HQ,HQ,manually aligned,,,ok,
Yes,Prateek,105,nm-02,HQ,HQ,HQ,HQ,HQ,manually aligned,,,ok,
Yes,Prateek,106,bg-01,HQ,D,D,D,HQ,dropped,,cannot be aligned.,,
Yes,Prateek,106,bg-02,HQ,HQ,HQ,HQ,HQ,end-aligned,,,,
Yes,Prateek,106,cl-01,HQ,HQ,HQ,HQ,HQ,manually aligned,,,,
Yes,Prateek,106,cl-02,HQ,HQ,HQ,HQ,HQ,manually aligned,,,,
Yes,Prateek,106,nm-01,HQ,HQ,HQ,HQ,HQ,manually aligned,,,,
Yes,Prateek,106,nm-02,HQ,HQ,HQ,HQ,HQ,manually aligned,,,,
Yes,Benjamin,107,bg-01,HQ,D,HQ,HQ,HQ,dropped,,frame 54:between 91/92,,
Yes,Benjamin,107,bg-02,,,,,,,,,,
Yes,Benjamin,107,cl-01,,,,,,,,,,
Yes,Benjamin,107,cl-02,,,,,,,,,,
Yes,Benjamin,107,nm-01,,,,,,,,,,
,,107,nm-02,,,,,,,,,,
,Yiyang,108,bg-01,HQ,HQ,HQ,HQ,HQ,manually aligned,,,,
,Yiyang,108,bg-02,HQ,HQ,HQ,HQ,HQ,manually aligned,,,,
,Yiyang,108,cl-01,HQ,HQ,D,D,D,dropped,,,,
,Yiyang,108,cl-02,HQ,HQ,HQ,HQ,HQ,manually aligned,,"frames90 is syncronized with other frames before ""index 90 degrees: 110/157"" (when the person is about to leave the window). So I mark the 110/157 as not in the frame.",,
,Yiyang,108,nm-01,HQ,HQ,HQ,D,HQ,manually aligned,,,,
,Yiyang,108,nm-02,HQ,HQ,HQ,HQ,HQ,manually aligned,,,,
,Yiyang,109,bg-01,HQ,HQ,HQ,HQ,HQ,manually aligned,,,,
,Yiyang,109,bg-02,HQ,HQ,HQ,D,D,manually aligned,,,,
,Yiyang,109,cl-01,D,D,D,HQ,HQ,dropped,,,,
,Yiyang,109,cl-02,HQ,HQ,HQ,HQ,HQ,manually aligned,,,,
,Yiyang,109,nm-01,,,,,,,,cannot be opened,,
,Yiyang,109,nm-02,,,,,,,,does not go back while pressing รถ,,
Yes,Prateek,110,bg-01,HQ,HQ,HQ,HQ,HQ,manually aligned,,,warn,end is nif
Yes,Prateek,110,bg-02,HQ,HQ,HQ,HQ,HQ,manually aligned,,,warn,end is nif
Yes,Prateek,110,cl-01,HQ,HQ,HQ,HQ,HQ,manually aligned,,,warn,end is nif
Yes,Prateek,110,cl-02,HQ,HQ,HQ,HQ,HQ,manually aligned,,,warn,end is nif
Yes,Prateek,110,nm-01,HQ,HQ,HQ,HQ,HQ,manually aligned,,,ok,
Yes,Prateek,110,nm-02,HQ,HQ,HQ,HQ,HQ,manually aligned,,,ok,
Yes,Prateek,111,bg-01,HQ,HQ,HQ,HQ,HQ,manually aligned,,,ok,
Yes,Prateek,111,bg-02,HQ,HQ,HQ,HQ,HQ,manually aligned,,,ok,
Yes,Prateek,111,cl-01,HQ,HQ,HQ,HQ,HQ,end-aligned,,,ok,
Yes,Prateek,111,cl-02,HQ,HQ,HQ,HQ,HQ,manually aligned,,,warn,end is nif
Yes,Prateek,111,nm-01,HQ,HQ,HQ,HQ,HQ,manually aligned,,,warn,end is nif
Yes,Prateek,111,nm-02,HQ,HQ,HQ,HQ,HQ,manually aligned,,,warn,end is nif and Ra30 has the left leg NIF
Yes,Prateek,112,bg-01,HQ,HQ,HQ,HQ,HQ,manually aligned,,,ok,
Yes,Prateek,112,bg-02,HQ,HQ,HQ,HQ,HQ,manually aligned,,,ok,
Yes,Prateek,112,cl-01,HQ,HQ,HQ,HQ,HQ,manually aligned,,,warn,end is nif
Yes,Prateek,112,cl-02,HQ,HQ,HQ,HQ,HQ,manually aligned,,,error,not pushed
Yes,Prateek,112,nm-01,HQ,D,HQ,HQ,HQ,dropped,,,,
Yes,Prateek,112,nm-02,HQ,HQ,HQ,HQ,HQ,manually aligned,,,warn,end is nif
Yes,Prateek,113,bg-01,HQ,HQ,HQ,HQ,HQ,end-aligned,,,,
Yes,Prateek,113,bg-02,HQ,HQ,HQ,HQ,HQ,manually aligned,,,,
Yes,Prateek,113,cl-01,HQ,HQ,HQ,HQ,HQ,manually aligned,,,,
Yes,Prateek,113,cl-02,HQ,HQ,HQ,HQ,HQ,manually aligned,,,,
Yes,Prateek,113,nm-01,HQ,HQ,HQ,HQ,HQ,end-aligned,,,,
Yes,Prateek,113,nm-02,HQ,HQ,HQ,HQ,HQ,manually aligned,,,,
Yes,Prateek,114,bg-01,HQ,HQ,HQ,HQ,HQ,manually aligned,,,,
Yes,Prateek,114,bg-02,HQ,HQ,HQ,HQ,HQ,manually aligned,,,,
Yes,Prateek,114,cl-01,HQ,HQ,HQ,HQ,HQ,end-aligned,,,,
Yes,Prateek,114,cl-02,HQ,HQ,HQ,HQ,HQ,manually aligned,,,,
Yes,Prateek,114,nm-01,HQ,HQ,HQ,HQ,HQ,end-aligned,,,,
Yes,Prateek,114,nm-02,HQ,HQ,HQ,HQ,HQ,manually aligned,,,,
Yes,Prateek,115,bg-01,HQ,HQ,HQ,HQ,HQ,manually aligned,,,,
Yes,Prateek,115,bg-02,HQ,HQ,HQ,HQ,HQ,end-aligned,,,,
Yes,Prateek,115,cl-01,HQ,HQ,HQ,HQ,HQ,manually aligned,,,,
Yes,Prateek,115,cl-02,HQ,HQ,HQ,HQ,HQ,manually aligned,,,,
Yes,Prateek,115,nm-01,HQ,HQ,HQ,HQ,HQ,manually aligned,,,,
Yes,Prateek,115,nm-02,HQ,HQ,HQ,HQ,HQ,manually aligned,,,,
Yes,Prateek,116,bg-01,HQ,HQ,HQ,HQ,HQ,manually aligned,,,,
Yes,Prateek,116,bg-02,HQ,HQ,HQ,HQ,HQ,manually aligned,,,,
Yes,Prateek,116,cl-01,HQ,HQ,HQ,HQ,HQ,manually aligned,,,,
Yes,Prateek,116,cl-02,HQ,HQ,HQ,HQ,HQ,manually aligned,,,,
Yes,Prateek,116,nm-01,HQ,HQ,HQ,HQ,HQ,manually aligned,,,,
Yes,Prateek,116,nm-02,HQ,D,D,HQ,HQ,dropped,,,,
Yes,Prateek,117,bg-01,HQ,HQ,HQ,HQ,HQ,manually aligned,,,,
Yes,Prateek,117,bg-02,HQ,HQ,HQ,HQ,HQ,end-aligned,,,,
Yes,Prateek,117,cl-01,HQ,HQ,HQ,HQ,HQ,manually aligned,,,,
Yes,Prateek,117,cl-02,HQ,HQ,HQ,HQ,HQ,end-aligned,,,,
Yes,Prateek,117,nm-01,D,D,D,HQ,D,dropped,,Blurred ,,
Yes,Prateek,117,nm-02,D,D,D,HQ,D,dropped,,Blurred ,,
Yes,Prateek,118,bg-01,HQ,HQ,HQ,HQ,HQ,manually aligned,,,,
Yes,Prateek,118,bg-02,HQ,HQ,HQ,HQ,HQ,manually aligned,,,,
Yes,Prateek,118,cl-01,HQ,HQ,HQ,HQ,HQ,manually aligned,,,,
Yes,Prateek,118,cl-02,HQ,HQ,HQ,HQ,HQ,end-aligned,,,,
Yes,Prateek,118,nm-01,HQ,HQ,HQ,HQ,HQ,manually aligned,,,,
Yes,Prateek,118,nm-02,HQ,HQ,HQ,HQ,HQ,end-aligned,,,,
,,,,,,,,,,,,,
,,,,,,,,,,,,,
,,,,,,,,,,,,,
,,,,,,,,,,,,,
,,,,,,,,,,,,,
,,,,,,,,,,,,,
,Yiyang,120,bg-01,D,D,D,HQ,HQ,dropped,,,,
,Yiyang,120,bg-02,HQ,HQ,HQ,HQ,HQ,manually aligned,,,,
,Yiyang,120,nm-01,D,D,D,HQ,HQ,dropped,,,,
,Yiyang,120,nm-02,D,D,D,HQ,HQ,dropped,,,,
,Yiyang,120,cl-01,D,D,D,HQ,HQ,dropped,,,,
,Yiyang,120,cl-02,D,D,HQ,HQ,D,dropped,,,,
,Yiyang,121,bg-01,HQ,HQ,HQ,HQ,HQ,end-aligned,,,,
,Yiyang,121,bg-02,HQ,HQ,HQ,HQ,HQ,manually aligned,,,,
,Yiyang,121,nm-01,HQ,D,HQ,HQ,HQ,manually aligned,,,,
,Yiyang,121,nm-02,HQ,HQ,HQ,HQ,HQ,manually aligned,,,,
,Yiyang,121,cl-01,HQ,HQ,HQ,HQ,HQ,manually aligned,,,,
,Yiyang,121,cl-02,HQ,HQ,HQ,HQ,HQ,manually aligned,,,,
Yes,Benjamin,122,bg-01,HQ,HQ,HQ,D,HQ,dropped,,frame126:between 73/74,,
Yes,Benjamin,122,bg-02,HQ,HQ,D,HQ,HQ,dropped,,frame90: between 74/75,,
Yes,Benjamin,122,cl-01,HQ,D,HQ,HQ,HQ,dropped,,frame54:between 54/55,,
Yes,Benjamin,122,cl-02,HQ,HQ,HQ,HQ,HQ,manually aligned,,,,
Yes,Benjamin,122,nm-01,HQ,HQ,HQ,HQ,HQ,manually aligned,,,,
Yes,Benjamin,122,nm-02,HQ,D,HQ,HQ,HQ,dropped,,frame54: between 72/73,,
Yes,Benjamin,123,bg-01,HQ,HQ,D,HQ,HQ,dropped,,frame90:between 75/76,,
Yes,Benjamin,123,bg-02,HQ,HQ,HQ,HQ,HQ,manually aligned,,,,
Yes,Benjamin,123,cl-01,HQ,HQ,HQ,HQ,HQ,manually aligned,,,,
Yes,Benjamin,123,cl-02,,,,,,,,,,
Yes,Benjamin,123,nm-01,HQ,D,HQ,HQ,HQ,dropped,,,,
Yes,Benjamin,123,nm-02,HQ,HQ,HQ,HQ,HQ,end-aligned,,,,
Yes,Benjamin,124,bg-01,HQ,HQ,HQ,HQ,HQ,manually aligned,,,,
Yes,Benjamin,124,bg-02,HQ,HQ,D,HQ,HQ,dropped,,frame 90: between 56/57,,
Yes,Benjamin,124,cl-01,HQ,HQ,HQ,HQ,HQ,manually aligned,,,,
Yes,Benjamin,124,cl-02,D,HQ,HQ,HQ,HQ,dropped,,frame18: between 36/37,,
Yes,Benjamin,124,nm-01,HQ,HQ,HQ,HQ,D,dropped,,frame162: between 54/55,,
Yes,Benjamin,124,nm-02,HQ,HQ,HQ,HQ,HQ,manually aligned,,,,